{"staple": [{"id": "staple", "language": "en-gb", "lexicalEntries": [{"entries": [{"homographNumber": "100", "senses": [{"definitions": ["a piece of thin wire with two short right-angled end pieces which are driven by a stapler through sheets of paper to fasten them together."], "id": "m_en_gbus0988390.006", "subsenses": [{"definitions": ["a U-shaped metal bar with pointed ends for driving into wood to hold things such as wires in place."], "id": "m_en_gbus0988390.009"}]}]}], "language": "en-gb", "lexicalCategory": {"id": "noun", "text": "Noun"}, "text": "staple"}, {"entries": [{"homographNumber": "101", "senses": [{"definitions": ["attach or secure with a staple or staples"], "id": "m_en_gbus0988390.011"}]}], "language": "en-gb", "lexicalCategory": {"id": "verb", "text": "Verb"}, "text": "staple"}], "type": "headword", "word": "staple"}, {"id": "staple", "language": "en-gb", "lexicalEntries": [{"entries": [{"homographNumber": "200", "senses": [{"definitions": ["a main or important element of something"], "id": "m_en_gbus0988400.006", "subsenses": [{"definitions": ["a main item of trade or production"], "id": "m_en_gbus0988400.009"}]}, {"definitions": ["the fibre of cotton or wool considered with regard to its length and degree of fineness"], "id": "m_en_gbus0988400.011"}, {"definitions": ["a centre of trade, especially in a specified commodity"], "id": "m_en_gbus0988400.014"}]}], "language": "en-gb", "lexicalCategory": {"id": "noun", "text": "Noun"}, "text": "staple"}, {"entries": [{"homographNumber": "201", "senses": [{"definitions": ["main or important, especially in terms of consumption"], "id": "m_en_gbus0988400.016", "subsenses": [{"definitions": ["most important in terms of trade or production"], "id": "m_en_gbus0988400.018"}]}]}], "language": "en-gb", "lexicalCategory": {"id": "adjective", "text": "Adjective"}, "text": "staple"}], "type": "headword", "word": "staple"}], "carbon dioxide": [{"id": "carbon_dioxide", "language": "en-gb", "lexicalEntries": [{"entries": [{"senses": [{"definitions": ["a colourless, odourless gas produced by burning carbon and organic compounds and by respiration. It is naturally present in air (about 0.03 per cent) and is absorbed by plants in photosynthesis."], "id": "m_en_gbus0151940.004"}]}], "language": "en-gb", "lexicalCategory": {"id": "noun", "text": "Noun"}, "text": "carbon dioxide"}], "type": "headword", "word": "carbon dioxide"}], "action plan": [{"id": "action_plan", "language": "en-gb", "lexicalEntries": [{"entries": [{"senses": [{"definitions": ["a proposed strategy or course of action"], "id": "m_en_gbus0007860.002"}]}], "language": "en-gb", "lexicalCategory": {"id": "noun", "text": "Noun"}, "text": "action plan"}], "type": "headword", "word": "action plan"}]}